,product_review_index,product_index,category_index,review_date,review_rating,newline_count,review_len,special_char_count,manufacturer_count,product_count,review_score,c1
1599,199,6663,6665,2021-06-01,5,37,669,29,2,0,99,1.2645739910313902
6252,797,61420,61422,2021-04-20,5,53,1035,112,8,5,99,12.205797101449276
6295,801,61420,61422,2020-07-28,5,81,1297,87,24,9,99,6.342328450269854
6336,805,61420,61422,2021-03-11,5,23,406,43,6,5,99,4.704433497536946
6363,808,61420,61422,2020-03-16,5,21,378,34,2,2,99,3.0793650793650795
6374,809,61420,61422,2019-12-23,5,21,369,39,4,2,99,4.176151761517615
6451,816,118165,118167,2020-03-17,5,23,394,40,2,2,99,4.081218274111675
6487,820,61420,61422,2021-04-26,5,34,717,32,6,8,99,1.5676429567642958
6616,833,128217,128219,2021-06-23,5,44,665,47,0,6,99,3.3774436090225564
6638,835,128217,128219,2021-04-05,5,66,963,32,0,7,99,1.115264797507788
6785,849,128217,128219,2021-06-08,5,34,514,94,0,0,99,17.19455252918288
6917,861,140447,140449,2021-06-05,5,63,1353,31,6,16,99,0.9260901699926091
6952,864,140447,140449,2021-02-23,5,28,1636,107,6,7,99,7.050122249388753
7201,886,61420,61422,2021-02-22,5,17,350,29,0,2,99,2.4171428571428573
7520,915,140447,140449,2019-09-21,5,56,1027,31,0,6,99,0.9717624148003895
9386,1121,159150,159152,2019-09-24,5,22,472,47,2,0,99,4.690677966101695
9568,1140,159150,159152,2020-09-03,5,47,682,51,0,0,99,3.8167155425219943
9609,1145,159150,159152,2020-09-03,5,47,682,51,0,0,99,3.8167155425219943
9625,1147,111717,110887,2021-06-06,5,24,321,32,0,0,99,3.196261682242991
9769,1161,177865,177867,2021-04-12,5,25,1173,37,4,8,99,1.2352941176470589
9779,1162,177865,177867,2021-01-18,5,18,1248,42,0,11,99,1.5112179487179487
9788,1163,177865,177867,2021-01-05,5,16,1105,37,0,7,99,1.284162895927602
9810,1165,177865,177867,2020-12-23,5,132,1179,94,4,4,99,7.521628498727735
9832,1168,42617,42619,2020-12-28,5,77,1574,91,0,20,99,5.515883100381195
9862,1171,42617,42619,2017-06-21,5,47,816,43,0,7,99,2.327205882352941
9883,1173,42617,42619,2017-06-28,5,62,1178,118,1,7,99,11.862478777589134
9893,1174,42617,42619,2017-09-08,5,51,939,90,0,3,99,8.636847710330139
9910,1176,42617,42619,2017-06-27,5,54,1033,46,0,3,99,2.058083252662149
9928,1177,177865,177867,2020-10-18,5,71,945,69,0,1,99,5.04021164021164
9940,1179,42617,42619,2017-05-19,5,32,615,32,0,8,99,1.7707317073170732
10199,1203,177865,177867,2021-05-25,5,43,973,30,0,5,99,0.9516957862281603
10338,1217,42617,42619,2020-04-07,5,7,300,36,0,4,99,4.376666666666667
10432,1226,42617,42619,2020-11-23,5,77,1967,33,0,4,3,0.5622775800711743
10509,1234,42617,42619,2019-11-30,5,40,1133,73,0,15,99,4.902912621359223
11181,1316,708,3,2021-03-07,5,50,820,41,0,0,99,2.0524390243902437
11366,1337,708,3,2017-01-10,5,16,299,32,0,0,99,3.431438127090301
11731,1384,42617,42619,2020-04-07,5,30,434,51,0,1,99,5.997695852534562
12763,1501,86121,86123,2021-06-19,5,34,948,29,0,8,99,0.9556962025316456
12794,1504,86121,86123,2021-04-16,5,30,1274,60,0,5,99,2.8461538461538463
12816,1506,86121,86123,2021-03-26,5,31,913,28,0,15,99,1.1062431544359255
12836,1508,86121,86123,2021-03-14,5,62,2700,106,0,3,99,4.1651851851851855
12857,1510,86121,86123,2021-03-06,5,93,964,48,0,13,99,2.566390041493776
12921,1516,86121,86123,2021-05-26,5,41,1368,41,0,9,99,1.2887426900584795
12981,1521,86121,86123,2020-04-07,5,81,1581,154,0,20,99,15.25426944971537
12993,1522,86121,86123,2020-01-02,5,48,1212,72,0,8,99,4.330858085808581
13004,1523,86121,86123,2020-05-21,5,33,612,60,0,10,99,6.0473856209150325
13214,1541,86121,86123,2021-04-27,5,21,200,52,0,2,99,13.545
13260,1545,86121,86123,2020-12-17,5,27,594,46,0,4,99,3.590909090909091
13284,1547,86121,86123,2021-05-24,5,22,319,33,0,5,99,3.4952978056426334
13330,1551,86121,86123,2021-05-05,5,13,109,32,0,2,99,9.440366972477063
13341,1552,86121,86123,2021-04-05,5,20,176,30,0,2,99,5.142045454545454
13406,1558,86121,86123,2021-04-11,5,9,105,36,0,2,98,12.39047619047619
13523,1568,86121,86123,2021-04-19,5,18,540,39,0,10,99,3.0037037037037035
13535,1569,86121,86123,2019-12-28,5,32,679,154,0,9,99,35.04860088365243
13807,1592,86121,86123,2021-04-23,5,37,583,43,0,9,99,3.3121783876500857
14016,1609,86121,86123,2021-06-01,5,9,160,44,0,1,99,12.1125
14170,1622,86121,86123,2021-02-24,5,16,148,39,0,1,99,10.29054054054054
14358,1639,86121,86123,2021-05-02,5,20,280,35,0,3,99,4.410714285714286
15770,1792,86121,86123,2021-03-25,5,16,287,29,0,6,99,3.059233449477352
16915,1936,119240,118167,2021-01-04,5,20,466,30,2,1,99,1.94206008583691
16953,1940,119240,118167,2021-05-12,5,31,431,50,0,0,99,5.805104408352668
17195,1967,86121,86123,2020-12-26,5,18,275,29,0,4,67,3.12
17263,1974,1617,3,2018-08-24,5,20,309,36,0,0,99,4.200647249190938
17399,1987,77874,153791,2021-06-13,5,81,1007,62,2,5,99,3.846077457795432
17807,2027,7778,6665,2020-12-21,5,73,967,82,0,0,99,6.955532574974147
17858,2031,141608,140449,2017-06-24,5,97,1002,35,12,0,99,1.3672654690618762
17882,2033,141608,140449,2021-06-05,5,27,499,48,6,0,99,4.6913827655310625
18647,2100,141608,140449,2021-03-10,5,46,824,158,2,0,99,30.30218446601942
18826,2116,129350,128219,2017-05-10,5,91,1108,29,0,10,99,0.8501805054151624
18827,2116,141608,140449,2017-09-13,5,59,982,98,0,0,99,9.782077393075356
18849,2118,129350,128219,2017-02-06,5,42,516,30,0,4,99,1.7771317829457365
18999,2130,141608,140449,2021-06-19,5,31,411,158,0,0,97,60.74452554744526
21670,2369,44282,61422,2020-12-30,5,69,943,63,2,1,99,4.214209968186639
21678,2370,44282,61422,2020-12-28,5,49,738,34,2,5,99,1.6056910569105691
21708,2373,44282,61422,2020-09-02,5,92,1237,50,4,2,99,2.0371867421180276
21718,2374,44282,61422,2020-09-02,5,120,1629,55,12,2,99,1.9478207489257213
21737,2376,44282,61422,2020-07-22,5,80,1042,49,2,1,99,2.309021113243762
21749,2377,44282,61422,2020-07-30,5,24,778,32,2,3,99,1.332904884318766
21855,2388,44282,61422,2020-09-12,5,34,595,31,2,3,99,1.6369747899159663
21867,2389,44282,61422,2021-01-07,5,85,566,29,10,1,99,1.6643109540636043
22244,2424,44282,61422,2021-05-14,5,37,547,55,4,2,99,5.56672760511883
22426,2439,44282,61422,2020-09-10,5,29,525,55,0,0,99,5.765714285714286
22631,2458,44282,61422,2021-02-18,5,16,592,47,4,0,99,3.760135135135135
23517,2564,21715,21717,2020-05-10,5,33,833,36,0,0,99,1.5582232893157264
23557,2569,21715,21717,2021-02-20,5,28,640,34,0,0,99,1.809375
23830,2602,21715,21717,2021-03-12,5,0,100,39,2,1,98,15.26
23873,2607,21715,21717,2021-02-08,5,0,75,30,0,0,98,12.026666666666667
24132,2634,21715,21717,2020-01-13,5,34,620,48,0,0,99,3.7193548387096773
24155,2636,76785,74740,2020-06-29,5,40,1336,51,6,0,99,1.9745508982035929
24164,2637,76785,74740,2020-04-17,5,47,1492,32,2,1,99,0.6896782841823056
24250,2644,179524,177867,2020-11-24,5,51,782,31,6,4,99,1.2953964194373402
25112,2721,2269,3,2020-03-23,5,58,822,31,0,0,99,1.1715328467153285
25287,2738,76785,74740,2020-07-29,5,13,265,37,0,0,99,5.173584905660378
26701,2869,44282,42619,2020-12-30,5,69,943,63,2,1,99,4.214209968186639
26712,2870,44282,42619,2020-12-28,5,49,738,34,2,5,99,1.6056910569105691
26739,2873,44282,42619,2020-09-02,5,92,1237,50,4,2,99,2.0371867421180276
26748,2874,44282,42619,2020-09-02,5,120,1629,55,12,2,99,1.9478207489257213
26765,2876,44282,42619,2020-07-22,5,80,1042,49,2,1,99,2.309021113243762
26773,2877,44282,42619,2020-07-30,5,24,778,32,2,3,99,1.332904884318766
26858,2888,44282,42619,2020-09-12,5,34,595,31,2,3,99,1.6369747899159663
26868,2889,44282,42619,2021-01-07,5,85,566,29,10,1,99,1.6643109540636043
26904,2893,44282,42619,2020-09-12,5,34,595,31,2,3,99,1.6369747899159663
26914,2894,44282,42619,2021-01-07,5,85,566,29,10,1,99,1.6643109540636043
27174,2920,44282,42619,2021-05-14,5,37,547,55,4,2,99,5.56672760511883
27381,2939,44282,42619,2020-09-10,5,29,525,55,0,0,99,5.765714285714286
27594,2958,44282,42619,2021-02-18,5,16,592,47,4,0,99,3.760135135135135
29066,3092,156076,153791,2019-04-22,5,8,178,33,0,0,12,6.129213483146067
29326,3118,113517,110887,2020-08-29,5,69,1485,77,6,5,99,4.033670033670034
29811,3161,3022,3,2021-02-11,5,16,437,43,0,0,99,4.2356979405034325
30186,3192,89313,86123,2021-06-29,5,32,1626,87,14,0,99,4.776137761377614
30198,3193,89313,86123,2021-06-26,5,39,998,118,28,0,99,14.738476953907815
30211,3194,89313,86123,2021-06-22,5,55,992,96,24,0,99,9.871975806451612
30249,3197,89313,86123,2021-06-15,5,79,2682,18,24,0,3,0.3359433258762118
30273,3199,89313,86123,2021-06-28,5,42,614,11,28,0,99,1.47557003257329
30283,3200,89313,86123,2021-06-02,5,18,1041,12,42,0,99,1.8338136407300671
30308,3202,89313,86123,2021-06-15,5,27,695,85,24,0,99,11.22589928057554
30345,3205,89313,86123,2021-05-24,5,47,761,9,32,0,99,1.4533508541392903
30366,3207,89313,86123,2021-05-24,5,62,1876,36,62,0,99,2.740405117270789
30378,3208,89313,86123,2021-05-21,5,41,1071,8,32,0,99,1.0168067226890756
30402,3210,89313,86123,2021-05-09,5,59,1491,20,40,0,99,1.3420523138832998
30434,3213,89313,86123,2021-05-15,5,32,568,9,28,0,99,1.5246478873239437
30444,3214,89313,86123,2021-05-20,5,30,605,16,28,0,99,1.7206611570247934
30464,3216,89313,86123,2021-03-13,5,28,1188,19,28,0,99,0.9646464646464646
30501,3219,89313,86123,2021-02-25,5,41,854,36,16,0,99,1.8185011709601873
30511,3220,89313,86123,2021-02-24,5,54,1444,8,40,0,99,1.1530470914127424
30547,3223,89313,86123,2021-05-23,5,24,557,96,2,0,99,16.55475763016158
30573,3225,89313,86123,2021-02-11,5,58,1324,101,34,0,99,8.578549848942599
30610,3228,89313,86123,2021-02-08,5,68,1851,167,6,0,99,15.08698001080497
30792,3243,89313,86123,2021-06-05,5,16,320,89,0,0,99,24.759375
30816,3245,89313,86123,2021-05-11,5,21,423,37,0,0,98,3.2411347517730498
30842,3247,89313,86123,2021-03-20,5,32,571,39,0,0,5,2.6672504378283715
30914,3253,89313,86123,2021-03-02,5,41,763,49,2,0,99,3.1533420707732636
30980,3259,89313,86123,2021-05-28,5,43,784,66,28,0,99,6.557397959183674
31013,3262,89313,86123,2021-05-30,5,14,266,45,0,0,83,7.620300751879699
31341,3290,89313,86123,2021-05-24,5,18,662,42,16,0,99,3.0528700906344413
31743,3324,89313,86123,2021-05-15,5,24,679,31,20,0,99,2.0058910162002945
32623,3398,9187,6665,2020-12-09,5,54,1466,36,0,0,99,0.8854024556616644
32857,3420,9187,6665,2018-01-27,5,17,506,42,0,0,99,3.4901185770750986
32961,3430,9187,6665,2019-06-11,5,12,966,30,0,0,6,0.9337474120082816
32982,3432,9187,6665,2020-12-08,5,17,689,45,0,0,99,2.941944847605225
33226,3455,89313,86123,2021-05-27,5,20,270,3,30,0,99,3.3703703703703702
33576,3488,142768,140449,2017-07-25,5,61,957,40,0,0,99,1.6739811912225706
33628,3493,142768,140449,2017-06-26,5,45,676,32,0,3,99,1.529585798816568
33688,3499,142768,140449,2017-10-25,5,17,462,57,0,0,99,7.036796536796537
34240,3551,130631,128219,2021-06-02,5,40,1056,148,0,2,99,20.74715909090909
34241,3551,142768,140449,2017-12-09,5,22,485,68,0,0,99,9.538144329896907
34291,3556,130631,128219,2020-03-07,5,33,602,38,0,1,99,2.4019933554817277
34496,3576,142768,140449,2017-07-16,5,21,394,60,0,0,99,9.142131979695431
35976,3721,142768,140449,2017-12-19,5,22,412,60,0,0,99,8.742718446601941
37001,3818,64285,61422,2021-05-24,5,29,560,43,0,0,99,3.305357142857143
37033,3821,64285,61422,2020-11-18,5,30,701,32,6,0,99,1.5135520684736092
37055,3823,64285,61422,2020-11-18,5,64,654,29,6,7,99,1.415902140672783
37250,3844,64285,61422,2021-02-10,5,45,717,52,2,1,99,3.778242677824268
37314,3852,64285,61422,2020-11-20,5,33,862,33,14,8,99,1.5649651972157772
37543,3889,45782,42619,2020-06-02,5,113,1731,23,28,10,99,0.8162911611785095
37720,3919,64285,61422,2021-06-04,5,8,206,32,2,0,99,4.995145631067961
37925,3950,77874,74740,2020-12-24,5,39,504,160,0,0,99,50.79761904761905
38143,3978,3636,3,2020-01-23,5,723,4301,48,0,8,99,0.5508021390374331
38924,4058,45782,42619,2020-06-28,5,13,178,38,2,1,99,8.140449438202246
39799,4147,25273,21717,2021-06-24,5,26,448,52,0,0,99,6.040178571428571
39809,4148,25273,21717,2020-07-19,5,41,1034,35,0,0,99,1.1866537717601546
39818,4149,10551,6665,2021-02-01,5,26,424,79,0,0,99,14.724056603773585
39868,4154,10551,6665,2021-02-01,5,26,424,79,0,0,99,14.724056603773585
39980,4164,10551,6665,2021-01-01,5,46,875,53,4,0,99,3.2297142857142855
42974,4440,177865,177867,2021-05-17,5,93,2998,7,40,40,99,1.0837224816544362
43067,4450,177865,177867,2018-05-08,5,32,868,41,4,6,99,1.9965437788018434
43078,4451,177865,177867,2018-05-08,5,34,945,39,2,4,99,1.6306878306878307
43092,4453,89613,86123,2021-06-20,5,103,1904,30,4,15,99,0.5992647058823529
43102,4454,89613,86123,2021-06-19,5,128,1888,28,0,12,99,0.4920550847457627
43107,4454,177865,177867,2018-09-03,5,36,609,32,4,4,99,1.7339901477832513
43112,4455,89613,86123,2021-05-26,5,44,1758,85,16,16,99,4.401023890784983
43132,4457,89613,86123,2021-06-08,5,33,689,119,2,2,99,20.564586357039186
43142,4458,89613,86123,2021-05-12,5,111,2971,6,10,33,99,0.4123190844833389
43151,4459,89613,86123,2021-05-09,5,45,1577,87,16,15,99,5.104629042485732
43190,4463,89613,86123,2021-04-24,5,37,1282,45,14,12,99,1.844773790951638
43198,4464,89613,86123,2021-04-16,5,19,2097,49,14,9,99,1.2770624701955173
43217,4466,89613,86123,2021-04-10,5,70,1315,49,4,9,99,1.8996197718631178
43236,4468,89613,86123,2021-03-20,5,44,1164,39,6,10,99,1.4235395189003437
43272,4472,89613,86123,2021-02-01,5,35,1057,32,2,14,99,1.1579943235572374
43296,4475,89613,86123,2021-05-19,5,65,996,49,2,6,99,2.4508032128514055
43313,4477,89613,86123,2020-12-16,5,55,1131,25,2,15,99,0.7550839964633068
43322,4478,89613,86123,2020-12-16,5,42,1529,72,6,14,99,3.5421844342707653
43410,4487,89613,86123,2020-05-11,5,122,1354,72,4,20,99,4.13589364844904
43438,4490,89613,86123,2020-03-25,5,34,783,60,4,7,99,4.6807151979565775
43448,4491,89613,86123,2020-04-23,5,35,1029,32,6,14,99,1.2206025267249756
43456,4492,89613,86123,2021-06-15,5,24,589,65,4,8,99,7.30899830220713
43585,4506,89613,86123,2020-09-02,5,14,587,80,2,6,99,10.971039182282794
43599,4507,177865,177867,2019-03-11,5,21,758,42,6,9,99,2.4815303430079156
43805,4529,89613,86123,2021-02-26,5,30,501,30,0,2,99,1.8063872255489022
44036,4554,89613,86123,2020-09-01,5,41,524,46,4,4,99,4.099236641221374
44055,4556,89613,86123,2021-06-21,5,39,592,36,0,6,99,2.251689189189189
44136,4564,132066,128219,2021-03-13,5,61,1084,50,6,0,99,2.3404059040590406
44645,4611,132066,128219,2020-09-07,5,35,608,45,6,0,99,3.3914473684210527
45195,4660,162925,159152,2020-05-05,5,40,750,30,0,0,99,1.2026666666666668
45259,4665,162925,159152,2021-02-03,5,44,790,45,4,0,99,2.5848101265822785
45317,4670,162925,159152,2021-02-03,5,44,790,45,4,0,99,2.5848101265822785
46188,4754,162925,159152,2020-04-17,5,16,436,46,0,0,99,4.8577981651376145
46241,4759,162925,159152,2020-04-17,5,16,436,46,0,0,99,4.8577981651376145
46310,4765,162925,159152,2021-03-21,5,52,530,55,6,0,99,5.777358490566038
46826,4813,162925,159152,2020-10-16,5,33,550,52,2,0,99,4.925454545454546
46884,4820,89613,86123,2020-09-21,5,32,583,54,2,4,99,5.036020583190394
47070,4840,177865,177867,2017-01-04,5,2,261,41,0,1,99,6.448275862068965
47359,4876,144234,140449,2017-02-22,5,90,937,179,12,0,99,34.35005336179296
47365,4877,144234,140449,2017-03-17,5,111,968,144,16,0,99,21.68698347107438
47387,4880,144234,140449,2017-11-17,5,67,882,266,16,3,99,80.52267573696145
47402,4882,144234,140449,2018-02-13,5,62,773,260,6,3,99,87.50970245795601
47408,4883,144234,140449,2017-06-26,5,89,800,275,8,2,99,94.61625
47432,4886,144234,140449,2018-11-13,5,50,657,192,12,2,99,56.334855403348556
47455,4889,144234,140449,2018-05-14,5,47,654,252,10,2,99,97.25993883792049
47530,4898,144234,140449,2020-08-26,5,210,1355,121,2,1,99,10.808856088560885
49169,5062,157009,153791,2021-03-26,5,48,1081,60,2,2,99,3.337650323774283
49232,5068,157009,153791,2020-09-30,5,23,648,39,6,1,99,2.404320987654321
49381,5082,79183,74740,2021-01-04,5,21,588,36,4,1,99,2.2329931972789114
49865,5126,144234,140449,2019-03-13,5,10,166,64,0,0,97,24.686746987951807
50535,5181,4475,3,2020-10-22,5,66,719,60,2,2,99,5.01808066759388
50590,5185,4475,3,2017-09-03,5,22,610,44,6,2,99,3.239344262295082
51005,5218,65537,61422,2021-01-08,5,22,656,38,4,8,99,2.323170731707317
51457,5254,122551,118167,2020-02-05,5,12,1014,33,0,0,99,1.0759368836291914
51470,5255,122551,118167,2019-12-24,5,26,735,124,6,1,99,20.970068027210885
53126,5395,46795,42619,2020-10-31,5,50,1045,36,2,1,99,1.244976076555024
53220,5404,46795,42619,2020-05-08,5,19,529,45,0,0,99,3.831758034026465
53313,5413,46795,42619,2021-04-08,5,20,396,29,0,0,99,2.128787878787879
56633,5728,133279,128219,2020-04-12,5,30,1212,72,0,0,99,4.278877887788779
56724,5736,133279,128219,2019-11-08,5,28,642,55,0,0,99,4.714953271028038
57034,5764,5480,3,2018-05-22,5,74,1654,257,0,5,99,39.94860943168077
57349,5790,133279,128219,2020-10-31,5,12,279,35,0,2,99,4.408602150537634
59107,5963,182803,177867,2021-06-03,5,43,483,36,0,1,99,2.6873706004140785
60871,6141,80312,74740,2020-11-13,5,61,2367,24,24,4,99,0.49345162653147445
60906,6145,80312,74740,2020-09-29,5,87,1582,160,14,3,99,16.311630847029075
60915,6146,80312,74740,2020-12-16,5,30,699,67,4,2,99,6.450643776824034
60958,6151,91071,86123,2021-06-21,5,33,579,33,4,5,99,1.9516407599309153
60967,6152,91071,86123,2021-05-05,5,83,1138,31,0,6,99,0.8769771528998243
60976,6153,91071,86123,2021-04-29,5,161,4799,179,2,122,99,9.77891227339029
60985,6154,91071,86123,2021-04-16,5,57,1131,45,6,16,99,2.048629531388152
61019,6158,91071,86123,2021-04-03,5,88,1998,68,8,14,99,2.4444444444444446
61028,6159,91071,86123,2021-04-05,5,31,759,118,0,7,99,18.41106719367589
61046,6161,91071,86123,2021-03-14,5,28,725,21,14,15,99,1.1889655172413793
61055,6162,80312,74740,2021-01-13,5,19,1010,41,6,2,99,1.703960396039604
61065,6163,91071,86123,2021-02-27,5,85,2000,45,8,39,99,1.805
61111,6168,91071,86123,2021-01-09,5,77,1320,27,2,17,99,0.7742424242424243
61120,6169,91071,86123,2020-12-12,5,48,1029,18,2,24,99,0.8785228377065112
61149,6172,91071,86123,2020-10-16,5,98,1239,82,10,17,99,5.7409200968523
61158,6173,91071,86123,2020-10-14,5,81,1137,121,2,17,99,13.134564643799472
61168,6174,91071,86123,2020-10-01,5,33,912,25,10,15,99,1.0416666666666667
61178,6175,91071,86123,2020-09-27,5,65,1202,146,6,19,99,18.064059900166388
61187,6176,91071,86123,2020-06-14,5,26,1201,30,6,17,99,1.0199833472106579
61202,6178,80312,74740,2021-03-05,5,96,2657,33,18,9,99,0.5622882950696274
61203,6178,91071,86123,2020-06-09,5,35,1071,6,0,30,99,0.8748832866479925
61213,6179,91071,86123,2020-08-12,5,76,1053,17,14,20,99,0.8404558404558404
61222,6180,91071,86123,2020-06-17,5,52,853,30,14,17,99,1.6236811254396248
61232,6181,91071,86123,2020-05-23,5,101,1983,63,12,12,99,2.146747352496218
61241,6182,91071,86123,2020-07-27,5,26,1342,30,0,12,3,0.7786885245901639
61268,6185,91071,86123,2020-03-07,5,32,1044,11,12,25,99,0.8524904214559387
61277,6186,91071,86123,2020-02-23,5,30,1470,68,0,29,99,3.7183673469387757
61287,6187,91071,86123,2020-03-09,5,43,1569,100,12,14,99,6.590184831102613
61296,6188,91071,86123,2019-10-22,5,81,970,78,14,16,99,6.738144329896907
61333,6192,91071,86123,2019-10-29,5,97,1517,44,8,15,99,1.4667106130520764
61352,6194,91071,86123,2018-12-29,5,46,812,27,0,10,99,1.022167487684729
61410,6200,91071,86123,2020-12-20,5,44,646,110,4,6,99,18.811145510835914
61454,6205,91071,86123,2021-05-31,5,49,706,31,6,13,99,1.651558073654391
61472,6207,80312,74740,2020-10-08,5,43,1329,55,10,3,99,2.3581640331075997
61764,6239,80312,74740,2020-12-11,5,29,1125,23,18,7,99,0.8017777777777778
61856,6248,116797,110887,2020-10-26,5,42,553,51,0,0,99,4.707052441229656
61913,6254,116797,110887,2021-02-04,5,39,649,54,0,1,99,4.496147919876734
62063,6269,91071,86123,2020-02-13,5,22,411,58,0,7,99,8.306569343065693
62507,6312,123715,118167,2021-05-12,5,27,545,46,2,4,99,3.9192660550458718
62526,6314,91071,86123,2020-10-04,5,36,553,52,0,1,99,4.893309222423146
62898,6350,91071,86123,2019-12-16,5,23,280,88,2,0,99,27.675
63158,6377,68425,140449,2021-05-09,5,85,1267,48,8,8,99,1.919494869771113
63198,6381,68425,140449,2020-12-28,5,74,1380,25,16,16,99,0.8239130434782609
63228,6384,68425,140449,2020-11-30,5,154,2367,88,10,11,99,3.365019011406844
63278,6389,68425,140449,2020-01-27,5,54,1612,48,0,6,99,1.4522332506203475
63298,6391,68425,140449,2019-10-15,5,83,1415,142,4,5,99,14.279151943462898
63308,6392,68425,140449,2020-01-18,5,50,1123,162,4,13,99,23.534283170080144
63327,6394,68425,140449,2021-02-14,5,32,564,52,6,5,99,4.902482269503546
63450,6406,68425,140449,2019-03-28,5,30,704,79,2,2,99,8.876420454545455
63571,6417,68425,140449,2020-05-24,5,29,511,65,4,3,99,8.317025440313111
63769,6436,68425,140449,2020-02-05,5,23,396,43,2,1,99,4.681818181818182
63813,6440,91071,86123,2020-12-09,5,27,1197,33,2,2,99,0.9164578111946533
63937,6451,68425,140449,2020-03-20,5,20,324,39,0,4,99,4.746913580246914
66356,6705,66925,61422,2021-05-31,5,72,832,57,2,5,99,3.9399038461538463
66364,6706,66925,61422,2021-05-02,5,30,1178,38,6,14,99,1.4227504244482174
66388,6709,66925,61422,2021-01-24,5,22,1025,29,4,12,99,0.9765853658536585
68509,7015,134439,128219,2021-04-08,5,86,1044,63,2,5,99,3.8295019157088124
68517,7016,134439,128219,2020-05-19,5,58,1130,121,2,4,99,12.97433628318584
68593,7026,134439,128219,2020-04-30,5,38,732,30,0,1,99,1.2322404371584699
68630,7030,184100,177867,2020-02-02,5,69,1541,105,0,3,99,7.160934458144062
68671,7035,184100,177867,2019-06-09,5,29,889,72,4,2,99,5.85376827896513
68695,7038,184100,177867,2019-04-22,5,16,595,59,0,2,99,5.858823529411764
68755,7045,184100,177867,2020-07-28,5,47,1327,33,2,2,99,0.8266767143933685
68809,7052,134439,128219,2019-07-20,5,26,472,52,0,2,99,5.739406779661017
68988,7074,184100,177867,2019-08-16,5,8,290,33,0,2,99,3.7724137931034485
69094,7089,134439,128219,2020-12-15,5,18,377,69,0,1,99,12.63395225464191
69188,7106,48510,42619,2021-06-18,5,15,413,41,6,0,99,4.159806295399516
69273,7119,48510,42619,2021-05-10,5,67,1427,136,2,2,99,12.967063770147162
69522,7153,134439,128219,2020-06-21,5,7,228,33,0,0,99,4.785087719298246
69546,7157,48510,42619,2020-05-23,5,91,1307,65,2,1,99,3.2364192807957153
69560,7158,134439,128219,2020-06-21,5,7,228,33,0,0,99,4.785087719298246
69614,7166,48510,42619,2016-11-17,5,85,1784,142,6,8,99,11.358744394618833
69637,7169,48510,42619,2020-01-30,5,44,1111,31,4,4,99,0.8937893789378938
69670,7173,27335,21717,2020-12-06,5,29,987,39,10,0,99,1.6433637284701115
69687,7175,48510,42619,2017-05-15,5,66,1174,105,4,4,99,9.418228279386712
69702,7177,27335,21717,2020-05-08,5,33,930,65,0,0,99,4.54516129032258
69711,7178,27335,21717,2019-11-20,5,23,796,49,0,0,99,3.0188442211055277
69719,7179,27335,21717,2018-02-19,5,38,1409,39,6,0,99,1.105748757984386
69720,7179,48510,42619,2019-02-12,5,92,1432,44,6,3,99,1.3833798882681565
69754,7183,48510,42619,2016-09-25,5,51,985,30,4,4,99,0.9461928934010152
70065,7219,12311,6665,2020-09-30,5,46,877,30,0,0,99,1.0285062713797035
70106,7223,48510,42619,2021-02-18,5,28,515,39,10,2,99,3.1553398058252426
70229,7236,12311,6665,2021-05-02,5,2,330,30,0,0,99,2.7333333333333334
70663,7275,164308,159152,2017-10-31,5,16,368,38,4,1,99,3.970108695652174
71135,7319,134439,128219,2019-09-04,5,7,138,30,0,0,99,6.536231884057971
71663,7372,48510,42619,2020-02-04,5,10,502,33,4,6,99,2.2729083665338647
71853,7392,48510,42619,2020-02-11,5,31,500,60,0,0,99,7.204
72018,7409,81169,74740,2021-01-14,5,49,856,47,2,8,99,2.6600467289719627
72057,7413,81169,74740,2020-08-10,5,88,1248,46,4,5,99,1.7283653846153846
72641,7476,81169,74740,2020-09-12,5,8,414,35,2,3,99,2.9903381642512077
73054,7521,81169,74740,2020-06-25,5,26,455,37,0,0,99,3.013186813186813
73164,7532,140447,140449,2021-06-05,5,63,1353,31,6,16,99,0.9260901699926091
73194,7535,140447,140449,2021-02-23,5,28,1636,107,6,7,99,7.050122249388753
73693,7586,140447,140449,2019-09-21,5,56,1027,31,0,6,99,0.9717624148003895
74133,7636,92571,86123,2021-07-10,5,42,1034,110,2,3,99,11.714700193423598
74141,7637,92571,86123,2021-07-09,5,85,967,50,0,7,99,2.637021716649431
74149,7638,92571,86123,2021-07-03,5,52,1329,113,2,4,99,9.623024830699775
74158,7639,92571,86123,2021-06-22,5,77,778,47,0,6,99,2.886889460154242
74175,7641,92571,86123,2021-05-25,5,44,1276,48,2,8,99,1.858934169278997
74255,7650,92571,86123,2021-04-24,5,41,730,32,0,6,99,1.4534246575342467
74273,7652,92571,86123,2021-03-25,5,36,1093,78,0,12,99,5.6989935956084175
74300,7655,92571,86123,2021-03-08,5,65,1157,146,4,9,99,18.50734658599827
74374,7663,92571,86123,2021-04-25,5,17,608,71,2,6,99,8.356907894736842
74428,7669,92571,86123,2021-02-23,5,45,701,91,4,7,99,11.905848787446505
74496,7676,92571,86123,2021-04-15,5,36,419,47,0,0,99,5.276849642004773
80780,8419,82444,74740,2021-07-08,5,58,1616,62,8,11,99,2.4931930693069306
80799,8421,82444,74740,2020-12-07,5,66,1686,78,2,7,99,3.639976275207592
81570,8511,68425,61422,2021-05-09,5,85,1267,48,8,8,99,1.919494869771113
81604,8515,68425,61422,2020-12-28,5,74,1380,25,16,16,99,0.8239130434782609
81613,8516,68425,61422,2020-11-30,5,154,2367,88,10,11,99,3.365019011406844
81684,8524,68425,61422,2020-01-27,5,54,1612,48,0,6,99,1.4522332506203475
81701,8526,68425,61422,2019-10-15,5,83,1415,142,4,5,99,14.279151943462898
81710,8527,68425,61422,2020-01-18,5,50,1123,162,4,13,99,23.534283170080144
81718,8528,45782,42619,2020-06-14,5,61,924,40,0,0,99,1.7337662337662338
81728,8529,68425,61422,2021-02-14,5,32,564,52,6,5,99,4.902482269503546
81771,8534,45782,42619,2019-04-30,5,54,939,27,6,8,99,0.8828541001064962
81807,8538,68425,61422,2019-03-28,5,30,704,79,2,2,99,8.876420454545455
81910,8550,68425,61422,2020-05-24,5,29,511,65,4,3,99,8.317025440313111
82089,8569,68425,61422,2020-02-05,5,23,396,43,2,1,99,4.681818181818182
82216,8583,68425,61422,2020-03-20,5,20,324,39,0,4,99,4.746913580246914
82283,8590,45782,42619,2021-01-11,5,41,945,36,2,1,5,1.3767195767195768
82644,8627,45782,42619,2020-04-05,5,18,484,37,0,1,99,2.8326446280991737
82649,8627,125608,118167,2020-05-19,5,90,1010,46,0,0,99,2.097029702970297
82677,8630,125608,118167,2020-08-27,5,23,653,34,2,5,99,1.8147013782542114
82732,8636,70425,128219,2020-12-07,5,116,1718,26,0,16,99,0.5430733410942957
82755,8638,125608,118167,2019-07-21,5,10,392,40,0,3,99,4.107142857142857
83345,8702,141608,140449,2017-06-24,5,97,1002,35,12,0,99,1.3672654690618762
83363,8704,141608,140449,2021-06-05,5,27,499,48,6,0,99,4.6913827655310625
83988,8771,141608,140449,2021-03-10,5,46,824,158,2,0,99,30.30218446601942
84119,8787,141608,140449,2017-09-13,5,59,982,98,0,0,99,9.782077393075356
84226,8801,68425,61422,2020-01-09,5,38,434,94,0,1,99,20.36405529953917
84231,8801,141608,140449,2021-06-19,5,31,411,158,0,0,97,60.74452554744526
85147,8921,68425,61422,2021-04-04,5,19,374,49,0,2,99,6.433155080213904
85426,8955,167409,159152,2021-07-06,5,63,1453,50,4,0,99,1.7322780454232622
85444,8957,167409,159152,2021-04-17,5,167,1135,88,0,0,99,6.824669603524229
85453,8958,167409,159152,2020-09-05,5,45,1035,33,4,0,99,1.068599033816425
85468,8960,167409,159152,2021-07-06,5,63,1453,50,4,0,99,1.7322780454232622
85484,8962,167409,159152,2021-04-17,5,167,1135,88,0,0,99,6.824669603524229
85491,8963,167409,159152,2020-09-05,5,45,1035,33,4,0,99,1.068599033816425
85738,8997,68425,61422,2020-07-02,5,20,488,32,0,6,99,2.1741803278688523
86974,9171,167409,159152,2020-03-09,5,23,633,41,0,0,99,2.6587677725118484
88024,9342,167409,159152,2021-03-22,5,13,322,29,0,0,99,2.6180124223602483
88059,9347,167409,159152,2021-03-22,5,13,322,29,0,0,99,2.6180124223602483
89567,9578,94257,86123,2021-07-08,5,32,1005,125,6,2,99,15.587064676616915
89574,9579,94257,86123,2021-07-03,5,31,936,124,6,2,99,16.47008547008547
89582,9580,94257,86123,2021-06-26,5,35,1089,125,6,3,99,14.389348025711662
89590,9581,94257,86123,2021-06-08,5,85,1482,39,10,6,99,1.1180836707152497
89598,9582,94257,86123,2021-06-03,5,34,1024,96,4,2,99,9.01953125
89636,9587,94257,86123,2021-04-18,5,97,3158,373,44,12,99,44.71469284357188
89644,9588,94257,86123,2021-04-13,5,63,1369,39,0,0,99,1.112490869247626
89672,9592,94257,86123,2021-03-27,5,106,1448,151,2,0,99,15.75
89687,9594,94257,86123,2021-03-25,5,105,1407,134,2,0,99,12.76545842217484
89693,9595,94257,86123,2021-03-10,5,22,1706,34,24,13,99,1.1143024618991795
89715,9598,94257,86123,2021-02-19,5,60,1031,32,4,4,99,1.0242483026188167
89723,9599,83657,74740,2021-06-16,5,125,1648,45,4,4,99,1.2481796116504855
89754,9603,94257,86123,2021-05-24,5,38,898,34,0,0,99,1.289532293986637
89762,9604,94257,86123,2021-05-24,5,27,508,43,2,0,99,3.6496062992125986
89783,9607,94257,86123,2021-05-30,5,23,457,37,4,0,99,3.0328227571115973
89800,9609,94257,86123,2020-10-21,5,64,1731,112,8,1,99,7.284228769497401
89808,9610,94257,86123,2020-10-14,5,36,1015,43,4,1,99,1.838423645320197
89836,9614,94257,86123,2021-03-18,5,26,598,35,0,0,99,2.051839464882943
89914,9625,94257,86123,2021-03-01,5,25,544,33,0,0,99,2.005514705882353
90642,9726,94257,86123,2021-01-19,5,72,1062,51,2,1,99,2.4538606403013183
91848,9867,127092,118167,2019-03-17,5,11,271,78,0,0,3,22.457564575645755
92254,9919,127092,118167,2020-03-18,5,8,192,49,0,1,99,12.515625
92612,9959,70425,61422,2021-04-28,5,33,666,66,0,2,99,6.548048048048048
92687,9967,70425,61422,2019-01-03,5,42,877,63,0,0,99,4.5279361459521095
92697,9968,70425,61422,2019-01-05,5,79,1603,42,0,20,99,1.3505926388022458
93248,10026,70425,61422,2019-01-18,5,28,512,36,0,0,99,2.53515625
94452,10159,142768,140449,2017-07-25,5,61,957,40,0,0,99,1.6739811912225706
94488,10164,142768,140449,2017-06-26,5,45,676,32,0,3,99,1.529585798816568
94533,10170,142768,140449,2017-10-25,5,17,462,57,0,0,99,7.036796536796537
94864,10214,51444,42619,2017-09-08,5,79,1915,92,0,5,99,4.433420365535248
94932,10222,142768,140449,2017-12-09,5,22,485,68,0,0,99,9.538144329896907
95135,10247,142768,140449,2017-07-16,5,21,394,60,0,0,99,9.142131979695431
96265,10390,51444,42619,2021-01-20,5,20,490,51,0,0,99,5.312244897959184
96283,10392,142768,140449,2017-12-19,5,22,412,60,0,0,99,8.742718446601941
96300,10395,51444,42619,2017-08-07,5,35,794,81,0,6,99,8.309823677581864
96594,10434,70425,128219,2020-10-01,5,20,445,28,6,4,99,1.8786516853932584
96756,10459,70425,128219,2018-12-23,5,51,415,28,0,8,99,2.0457831325301203
96761,10460,51444,42619,2020-03-20,5,49,1520,42,0,7,99,1.193421052631579
99572,10840,188039,177867,2020-10-19,5,17,1017,50,4,7,99,2.52212389380531
99804,10877,188039,177867,2021-05-02,5,2,333,30,8,8,99,3.0870870870870872
100502,10980,16169,6665,2020-12-09,5,69,850,29,0,0,99,0.991764705882353
100646,10998,16169,6665,2020-03-16,5,51,1806,331,0,0,99,60.66611295681063
100956,11038,16169,6665,2021-02-23,5,0,405,66,0,0,99,10.760493827160493
101403,11086,84837,74740,2020-02-11,5,34,629,39,2,1,99,2.426073131955485
101445,11091,84837,74740,2019-08-26,5,21,496,41,0,2,99,3.399193548387097
103945,11404,168605,159152,2021-04-08,5,104,2033,159,0,0,99,12.436301032956223
103968,11407,168605,159152,2021-05-30,5,33,697,33,2,1,99,1.569583931133429
104074,11422,168605,159152,2021-06-19,5,53,1636,34,4,0,99,0.7169926650366748
105028,11547,144234,140449,2017-02-22,5,90,937,179,12,0,99,34.35005336179296
105036,11548,144234,140449,2017-03-17,5,111,968,144,16,0,99,21.68698347107438
105049,11550,96199,86123,2021-07-07,5,70,1017,24,0,19,99,0.9223205506391348
105057,11551,96199,86123,2021-07-07,5,101,711,36,6,9,99,1.9873417721518987
105059,11551,144234,140449,2017-11-17,5,67,882,266,16,3,99,80.52267573696145
105075,11553,144234,140449,2018-02-13,5,62,773,260,6,3,99,87.50970245795601
105083,11554,144234,140449,2017-06-26,5,89,800,275,8,2,99,94.61625
105089,11555,96199,86123,2021-06-04,5,24,603,40,4,7,99,2.7611940298507465
105104,11557,96199,86123,2021-06-05,5,109,677,43,6,9,99,2.9039881831610046
105106,11557,144234,140449,2018-11-13,5,50,657,192,12,2,99,56.334855403348556
105129,11560,144234,140449,2018-05-14,5,47,654,252,10,2,99,97.25993883792049
105142,11562,96199,86123,2021-02-22,5,66,1098,29,4,26,99,1.3961748633879782
105156,11564,96199,86123,2021-02-16,5,79,1664,34,8,29,99,1.2385817307692308
105198,11569,144234,140449,2020-08-26,5,210,1355,121,2,1,99,10.808856088560885
105358,11592,96199,86123,2020-03-05,5,34,679,66,2,6,99,6.474226804123711
105384,11596,96199,86123,2021-03-08,5,106,1932,164,0,16,99,14.054347826086957
105396,11598,96199,86123,2020-07-21,5,29,571,63,2,3,99,6.973730297723293
105467,11609,96199,86123,2020-09-05,5,24,506,42,2,7,99,3.590909090909091
105473,11610,96199,86123,2020-02-16,5,26,523,55,2,5,99,5.839388145315487
105480,11611,96199,86123,2020-03-29,5,26,523,55,2,3,99,5.808795411089866
105486,11612,96199,86123,2021-05-16,5,24,190,31,2,1,98,5.08421052631579
105498,11614,96199,86123,2019-12-07,5,28,500,52,4,10,99,5.64
105511,11616,96199,86123,2020-03-21,5,25,490,50,4,4,99,5.16734693877551
105525,11618,96199,86123,2020-02-04,5,23,483,60,2,8,99,7.594202898550725
105545,11621,96199,86123,2020-01-15,5,25,463,45,2,6,99,4.460043196544277
105577,11626,96199,86123,2020-11-20,5,31,679,35,4,7,99,1.8998527245949925
105583,11627,96199,86123,2020-04-15,5,22,435,53,2,6,99,6.549425287356322
105604,11630,96199,86123,2020-01-01,5,21,403,37,2,3,99,3.4292803970223327
105612,11631,96199,86123,2021-03-08,5,53,887,106,0,4,99,12.686583990980834
105673,11638,96199,86123,2020-05-28,5,40,522,49,0,6,99,4.670498084291188
105709,11642,96199,86123,2020-02-27,5,18,361,32,2,6,99,2.9473684210526314
105736,11645,96199,86123,2020-09-17,5,17,337,28,6,5,99,2.507418397626113
105763,11648,96199,86123,2020-04-29,5,17,346,38,2,4,99,4.23121387283237
105772,11649,96199,86123,2020-08-12,5,16,324,33,2,2,99,3.3858024691358026
105781,11650,96199,86123,2020-04-22,5,17,336,30,2,2,99,2.7023809523809526
105790,11651,96199,86123,2021-05-29,5,34,285,51,0,3,99,9.16140350877193
105798,11652,96199,86123,2020-03-08,5,18,349,33,2,4,99,3.177650429799427
105830,11656,71876,61422,2021-06-29,5,25,872,93,2,3,99,9.93348623853211
105847,11658,96199,86123,2020-03-16,5,17,326,36,2,2,99,4.0
105854,11659,71876,61422,2021-06-15,5,66,1152,33,16,8,99,1.2230902777777777
105862,11660,71876,61422,2021-06-14,5,58,1262,32,2,13,99,0.9484944532488114
105870,11661,71876,61422,2021-06-23,5,123,710,48,0,11,99,3.416901408450704
105871,11661,96199,86123,2020-08-03,5,18,309,40,2,6,99,5.307443365695793
105886,11663,71876,61422,2021-05-02,5,32,804,95,0,3,99,11.237562189054726
105895,11664,96199,86123,2020-04-06,5,17,298,35,2,2,99,4.1375838926174495
105919,11667,71876,61422,2021-04-16,5,54,1155,72,12,11,99,4.717748917748918
105935,11669,71876,61422,2021-03-12,5,67,1102,29,10,13,99,1.0072595281306715
105936,11669,96199,86123,2020-07-29,5,14,265,37,2,5,99,5.275471698113208
105967,11673,71876,61422,2021-06-15,5,38,440,55,0,2,99,6.886363636363637
105968,11673,96199,86123,2020-01-05,5,37,808,70,4,10,99,6.207920792079208
105983,11675,71876,61422,2021-01-21,5,51,1019,43,0,8,99,1.8783120706575074
105992,11676,96199,86123,2020-06-23,5,12,243,33,2,2,99,4.51440329218107
106000,11677,96199,86123,2020-04-03,5,15,245,29,2,2,99,3.4653061224489794
106015,11679,71876,61422,2020-11-09,5,66,1603,37,22,12,99,1.245789145352464
106023,11680,71876,61422,2020-10-08,5,63,1243,32,2,9,99,0.8921962992759453
106048,11683,96199,86123,2019-12-12,5,11,242,34,4,3,99,4.880165289256198
106055,11684,71876,61422,2020-07-03,5,38,836,31,0,6,99,1.19377990430622
106087,11688,71876,61422,2020-04-16,5,120,20000,323,10,42,99,5.30965
106103,11690,71876,61422,2020-04-14,5,57,1187,37,2,8,99,1.2106149957877002
106119,11692,71876,61422,2020-04-15,5,35,1186,39,0,1,99,1.2841483979763912
106135,11694,71876,61422,2020-03-11,5,27,1118,29,0,0,99,0.7540250447227191
106143,11695,71876,61422,2020-02-16,5,135,13420,244,8,24,99,4.484053651266766
106151,11696,71876,61422,2020-03-29,5,133,18150,306,12,22,99,5.193608815426997
106159,11697,71876,61422,2020-01-23,5,48,849,37,0,3,99,1.624263839811543
106167,11698,71876,61422,2020-02-26,5,25,823,42,4,1,99,2.164034021871203
106199,11702,71876,61422,2020-05-30,5,72,1154,42,10,9,99,1.6854419410745234
106287,11713,71876,61422,2021-05-02,5,39,1399,32,8,5,99,0.7955682630450321
106312,11716,96199,86123,2021-06-07,5,27,223,44,0,1,98,8.690582959641256
106351,11721,71876,61422,2021-03-23,5,15,400,91,0,2,99,20.715
106472,11736,96199,86123,2020-08-28,5,19,311,37,2,3,99,4.443729903536977
106532,11743,96199,86123,2020-01-25,5,17,307,34,2,3,99,3.807817589576547
106567,11747,71876,61422,2021-06-09,5,28,527,30,0,0,99,1.71157495256167
106972,11792,71876,61422,2021-01-16,5,26,331,35,0,0,99,3.706948640483384
107021,11797,144234,140449,2019-03-13,5,10,166,64,0,0,97,24.686746987951807
107331,11832,71876,61422,2020-08-28,5,4,1156,35,0,2,99,1.0640138408304498
107996,11908,53324,42619,2021-06-17,5,27,657,31,10,6,99,1.669710806697108
108040,11913,53324,42619,2020-10-21,5,10,1017,0,28,11,99,0.8908554572271387
108049,11914,53324,42619,2019-07-22,5,133,1702,339,20,17,99,67.92596944770858
108075,11917,53324,42619,2019-03-26,5,46,707,48,0,1,99,3.2616690240452617
108084,11918,53324,42619,2018-10-31,5,60,941,65,8,2,99,4.562167906482466
108100,11920,53324,42619,2020-05-08,5,10,1039,0,34,13,99,1.2762271414821944
108126,11923,53324,42619,2021-02-14,5,50,927,42,6,2,99,1.9460625674217906
108179,11929,53324,42619,2021-02-05,5,22,355,37,2,1,99,3.870422535211268
108187,11930,53324,42619,2020-04-16,5,29,473,47,2,3,99,4.6976744186046515
108246,11936,139147,128219,2021-01-25,5,28,449,39,4,3,99,3.443207126948775
108250,11937,53324,42619,2019-11-02,5,21,376,47,6,3,99,5.99468085106383
108304,11943,53324,42619,2021-01-17,5,27,760,55,8,3,99,4.076315789473684
108340,11947,53324,42619,2021-02-13,5,36,1652,56,2,5,99,1.915859564164649
108777,11996,53324,42619,2017-04-09,5,20,393,29,8,0,99,2.3053435114503817
111269,12341,125608,177867,2021-05-30,5,38,785,32,6,5,99,1.3821656050955413
111276,12342,125608,177867,2021-05-27,5,42,756,44,8,3,99,2.6574074074074074
111283,12343,125608,177867,2021-05-20,5,75,1756,81,20,8,99,4.0005694760820045
111332,12350,125608,177867,2021-03-19,5,32,946,34,0,3,99,1.2325581395348837
111402,12360,125608,177867,2020-05-04,5,40,832,66,6,5,99,5.308894230769231
111416,12362,125608,177867,2020-02-20,5,34,720,29,6,4,99,1.2402777777777778
111437,12365,125608,177867,2021-03-16,5,29,495,89,2,3,99,16.02828282828283
112293,12493,125608,177867,2020-05-24,5,28,878,32,4,2,99,1.1890660592255125
113096,12631,31051,21717,2021-03-26,5,128,1457,29,2,0,99,0.5806451612903226
113106,12632,125608,177867,2020-12-13,5,12,436,55,0,0,99,6.942660550458716
113315,12675,31051,21717,2020-02-13,5,23,347,47,0,0,99,6.371757925072046
113333,12679,31051,21717,2020-06-13,5,49,935,41,0,0,99,1.8
113406,12695,31051,21717,2020-09-26,5,40,516,106,0,0,99,21.77906976744186
114067,12822,73376,61422,2020-06-03,5,52,1112,67,8,9,99,4.16726618705036
114073,12823,73376,61422,2020-04-19,5,48,1234,40,16,16,99,1.7115072933549433
114091,12826,73376,61422,2020-01-15,5,61,1264,111,8,14,99,9.953322784810126
114195,12848,73376,61422,2020-02-15,5,32,870,81,0,8,99,7.6160919540229886
114338,12885,19142,6665,2021-02-21,5,60,735,49,2,1,99,3.273469387755102
114348,12887,19142,6665,2020-12-19,5,45,712,35,2,1,99,1.7275280898876404
114354,12888,19142,6665,2020-12-08,5,28,555,32,2,1,99,1.854054054054054
114365,12890,19142,6665,2021-01-13,5,44,755,46,2,0,99,2.809271523178808
114496,12915,19142,6665,2021-02-16,5,32,458,97,0,0,99,20.548034934497817
115109,13048,68425,140449,2021-05-09,5,85,1267,48,8,8,99,1.919494869771113
115131,13052,68425,140449,2020-12-28,5,74,1380,25,16,16,99,0.8239130434782609
115149,13055,68425,140449,2020-11-30,5,154,2367,88,10,11,99,3.365019011406844
115179,13060,68425,140449,2020-01-27,5,54,1612,48,0,6,99,1.4522332506203475
115191,13062,68425,140449,2019-10-15,5,83,1415,142,4,5,99,14.279151943462898
115197,13063,68425,140449,2020-01-18,5,50,1123,162,4,13,99,23.534283170080144
115209,13065,68425,140449,2021-02-14,5,32,564,52,6,5,99,4.902482269503546
115281,13077,68425,140449,2019-03-28,5,30,704,79,2,2,99,8.876420454545455
115347,13088,68425,140449,2020-05-24,5,29,511,65,4,3,99,8.317025440313111
115461,13107,68425,140449,2020-02-05,5,23,396,43,2,1,99,4.681818181818182
115525,13118,31051,21717,2019-07-01,5,17,502,146,0,0,99,42.46613545816733
115551,13122,68425,140449,2020-03-20,5,20,324,39,0,4,99,4.746913580246914
116515,13282,171553,159152,2021-05-14,5,131,2680,83,2,0,99,2.5723880597014928
116529,13284,171553,159152,2021-05-18,5,27,462,32,0,0,99,2.220779220779221
116550,13287,171553,159152,2021-05-14,5,131,2680,83,2,0,99,2.5723880597014928
116564,13289,171553,159152,2021-05-18,5,27,462,32,0,0,99,2.220779220779221
116578,13291,171553,159152,2020-12-08,5,32,610,53,2,0,99,4.613114754098361
116620,13297,171553,159152,2019-05-23,5,30,546,36,0,0,99,2.3772893772893773
116627,13298,171553,159152,2021-02-15,5,21,390,42,2,0,99,4.535897435897436
116634,13299,171553,159152,2019-03-23,5,23,403,33,0,0,99,2.707196029776675
116655,13302,171553,159152,2019-05-23,5,30,546,36,0,0,99,2.3772893772893773
116662,13303,171553,159152,2021-02-15,5,21,390,42,2,0,99,4.535897435897436
116669,13304,171553,159152,2019-03-23,5,23,403,33,0,0,99,2.707196029776675
116704,13309,171553,159152,2019-10-30,5,37,585,101,0,0,99,17.44102564102564
117049,13374,31051,21717,2021-01-25,5,16,243,39,2,0,99,6.279835390946502
117512,13476,54824,42619,2021-01-04,5,60,949,61,2,2,99,3.9293993677555323
117516,13477,54824,42619,2020-12-19,5,45,836,51,2,2,99,3.1208133971291865
117529,13480,54824,42619,2020-06-14,5,138,13100,332,6,3,99,8.417480916030534
117556,13486,54824,42619,2018-07-31,5,28,659,62,2,1,99,5.840667678300456
117601,13496,54824,42619,2020-12-10,5,22,393,30,0,0,99,2.295165394402036
117638,13504,54824,42619,2020-05-28,5,31,372,29,4,0,99,2.306451612903226
117663,13510,54824,42619,2020-12-28,5,26,599,107,0,1,99,19.11686143572621
117844,13552,98171,86123,2021-06-29,5,37,1488,60,0,7,99,2.452956989247312
117896,13564,98171,86123,2021-05-09,5,70,785,43,0,9,99,2.4598726114649683
117959,13578,98171,86123,2021-01-29,5,48,1036,55,0,14,99,3.11003861003861
117993,13585,98171,86123,2020-12-19,5,45,896,30,0,9,99,1.0959821428571428
118007,13588,98171,86123,2020-11-05,5,67,1472,87,0,19,99,5.387907608695652
118021,13591,98171,86123,2020-10-21,5,107,1100,85,0,12,99,6.7
118031,13593,98171,86123,2020-09-21,5,50,979,37,0,12,99,1.5464759959141983
118036,13594,98171,86123,2020-09-14,5,56,816,78,0,12,99,7.633578431372549
118040,13595,98171,86123,2020-09-02,5,28,804,29,0,9,99,1.1480099502487562
118044,13596,98171,86123,2020-08-29,5,42,977,70,0,13,99,5.18935516888434
118060,13600,98171,86123,2020-06-19,5,62,1315,66,0,20,99,3.617490494296578
118068,13602,98171,86123,2020-03-25,5,31,1181,58,0,18,99,3.123624047417443
118072,13603,98171,86123,2020-05-09,5,48,961,127,0,7,99,16.835587929240376
118084,13606,98171,86123,2020-07-15,5,55,830,127,0,10,99,19.55421686746988
118152,13623,98171,86123,2021-05-31,5,29,535,71,0,5,99,9.471028037383178
118160,13625,98171,86123,2020-06-18,5,58,622,34,0,9,99,1.9903536977491962
118172,13628,98171,86123,2020-07-24,5,44,628,93,0,7,99,13.851910828025478
118236,13644,98171,86123,2021-05-28,5,19,357,36,0,4,99,3.6778711484593836
118320,13665,98171,86123,2021-03-22,5,28,421,32,0,5,99,2.494061757719715
118416,13689,98171,86123,2021-03-01,5,49,874,35,0,12,99,1.5675057208237986
118444,13696,98171,86123,2020-09-10,5,16,468,31,0,10,99,2.269230769230769
118600,13737,98171,86123,2021-03-23,5,24,414,34,0,5,99,2.8550724637681157
118694,13761,98171,86123,2020-12-19,5,30,628,57,0,8,99,5.277070063694268
119045,13859,98171,86123,2021-01-22,5,19,520,31,0,9,99,2.0057692307692307
121583,14578,20548,6665,2021-01-26,5,41,665,51,6,1,99,3.9669172932330827
121848,14666,20548,6665,2021-03-12,5,2,202,87,0,0,57,37.48019801980198
122425,14914,173431,159152,2021-07-09,5,27,849,29,4,0,99,1.010600706713781
122464,14927,173431,159152,2020-11-13,5,61,2367,24,24,0,99,0.4871144909167723
122482,14932,173431,159152,2020-11-13,5,61,2367,24,24,0,99,0.4871144909167723
122494,14935,173431,159152,2020-09-29,5,87,1582,160,14,1,99,16.306573957016436
122506,14938,173431,159152,2020-12-16,5,30,699,67,4,0,99,6.446351931330472
122558,14951,173431,159152,2021-01-13,5,19,1010,41,6,0,99,1.700990099009901
122570,14954,173431,159152,2021-06-30,5,29,1467,41,8,0,99,1.1901840490797546
122750,14999,173431,159152,2020-10-08,5,43,1329,55,10,0,99,2.3521444695259595
122904,15030,173431,159152,2020-12-11,5,29,1125,23,18,0,99,0.7591111111111111
123336,15133,100171,86123,2021-02-20,5,66,977,44,0,0,99,1.9836233367451381
123348,15136,100171,86123,2020-06-29,5,38,886,67,0,5,99,5.095936794582393
123352,15137,100171,86123,2020-03-26,5,65,1525,35,0,15,99,0.9514754098360656
123356,15138,100171,86123,2020-05-27,5,80,867,73,0,9,99,6.2410611303344865
123360,15139,100171,86123,2020-02-16,5,32,880,67,0,1,99,5.103409090909091
123364,15140,100171,86123,2018-04-26,5,42,797,39,0,3,99,1.9209535759096612
123380,15144,100171,86123,2019-02-08,5,343,4192,83,0,1,99,1.6438454198473282
123404,15150,100171,86123,2019-01-14,5,38,647,48,0,4,99,3.587326120556414
123472,15167,100171,86123,2019-01-22,5,40,625,30,0,2,99,1.448
123484,15170,100171,86123,2021-04-19,5,25,369,31,0,1,99,2.6097560975609757
123676,15218,100171,86123,2021-04-10,5,20,520,32,0,5,99,2.019230769230769
123724,15230,100171,86123,2019-01-21,5,26,460,39,0,3,99,3.3282608695652174
123812,15252,100171,86123,2019-09-27,5,17,604,30,0,9,99,1.6258278145695364
123900,15274,100171,86123,2020-05-29,5,17,569,31,0,9,99,1.8330404217926186
124555,15438,42617,42619,2020-05-07,5,43,946,36,0,5,99,1.397463002114165
124672,15470,42617,42619,2018-06-15,5,72,1526,28,0,8,3,0.5563564875491481
124795,15504,42617,42619,2020-09-07,5,6,289,45,0,0,3,7.013840830449827
124815,15510,42617,42619,2021-06-17,5,18,438,35,0,4,99,2.835616438356164
124886,15536,42617,42619,2019-11-15,5,18,465,53,0,1,99,6.04516129032258
124902,15542,42617,42619,2021-07-03,5,41,403,42,0,1,99,4.382133995037221
125165,15621,42617,42619,2018-07-15,5,54,1139,30,0,15,99,0.9885864793678666
125804,15852,42617,42619,2020-06-17,5,3,416,36,0,6,99,3.204326923076923
125930,15886,42617,42619,2020-06-02,5,17,516,31,0,2,99,1.872093023255814
127489,16452,101754,86123,2021-05-06,5,42,863,71,18,9,99,6.310544611819235
127525,16470,101754,86123,2020-09-10,5,96,1075,32,4,0,99,0.9683720930232558
127529,16472,101754,86123,2020-05-17,5,148,3111,102,16,8,99,3.447123111539698
127531,16473,101754,86123,2020-04-28,5,40,915,18,26,0,99,1.0939890710382514
127533,16474,101754,86123,2020-05-10,5,60,1697,142,12,0,99,11.967589864466706
127535,16475,101754,86123,2020-02-01,5,124,6500,157,12,4,99,3.8167692307692307
127539,16477,101754,86123,2019-08-26,5,100,876,40,16,0,99,2.1198630136986303
127541,16478,101754,86123,2019-08-09,5,29,872,130,4,1,99,19.400229357798164
127549,16482,101754,86123,2021-05-11,5,20,368,36,6,3,99,3.6440217391304346
127561,16488,101754,86123,2021-02-23,5,41,473,40,8,3,99,3.536997885835095
127563,16489,101754,86123,2021-05-22,5,26,481,45,2,1,99,4.220374220374221
127599,16506,174564,159152,2021-05-12,5,43,1137,51,0,0,99,2.2893579595426563
127608,16509,174564,159152,2020-10-17,5,165,1904,67,0,0,99,2.358718487394958
127628,16514,174564,159152,2019-05-27,5,41,789,45,0,0,99,2.5690747782002537
127648,16519,174564,159152,2019-05-27,5,41,789,45,0,0,99,2.5690747782002537
127651,16520,101754,86123,2019-09-25,5,26,401,71,0,8,99,12.733167082294264
127751,16545,101754,86123,2021-01-13,5,33,584,45,2,0,99,3.4760273972602738
127971,16600,101754,86123,2019-12-03,5,27,919,48,10,0,99,2.616974972796518
127991,16605,101754,86123,2019-10-02,5,54,1068,43,12,4,99,1.8810861423220975
128419,16719,101754,86123,2020-08-03,5,26,565,37,4,2,99,2.4584070796460176
129712,17143,42617,42619,2021-03-02,5,36,716,44,10,7,99,2.9120111731843576
129742,17153,42617,42619,2020-02-04,5,12,763,28,4,6,99,1.0956749672346002
129748,17155,42617,42619,2019-03-29,5,91,2997,10,24,24,99,0.4177510844177511
129751,17156,42617,42619,2019-03-26,5,124,2990,66,8,26,99,1.7043478260869565
129769,17162,42617,42619,2019-04-22,5,95,1539,27,2,10,99,0.5412605588044185
129772,17163,42617,42619,2019-04-22,5,19,1547,52,22,10,99,2.125404007756949
130100,17280,37716,21717,2021-01-29,5,153,2743,14,26,0,99,0.3182646737149107
130228,17312,37716,21717,2020-11-26,5,18,271,48,4,0,99,8.564575645756458
130236,17314,37716,21717,2021-06-26,5,9,357,84,0,0,98,19.7703081232493
132875,18140,102871,86123,2020-08-19,5,38,1245,82,4,0,99,5.414457831325302
132877,18141,102871,86123,2019-10-05,5,39,704,50,2,0,99,3.5582386363636362
133096,18215,176655,159152,2021-06-22,5,113,1873,75,0,0,99,3.00427122263748
133111,18220,176655,159152,2021-06-22,5,113,1873,75,0,0,99,3.00427122263748
133137,18231,176655,159152,2020-09-25,5,39,604,168,0,0,99,46.7317880794702
133140,18232,176655,159152,2020-03-12,5,35,513,113,2,0,99,24.900584795321638
133150,18236,176655,159152,2020-09-25,5,39,604,168,0,0,99,46.7317880794702
133152,18237,176655,159152,2020-03-12,5,35,513,113,2,0,99,24.900584795321638
133377,18314,60047,42619,2019-12-02,5,40,1115,28,0,8,99,0.7614349775784753
133490,18342,102871,86123,2021-03-15,5,13,277,39,0,0,99,5.498194945848375
134260,18552,60047,42619,2020-09-22,5,4,144,29,0,1,99,5.854166666666667
135562,19189,39992,21717,2021-03-15,5,12,268,31,0,0,88,3.593283582089552
136673,19831,96199,86123,2021-06-29,5,87,965,49,4,13,99,2.6797927461139897
136674,19832,96199,86123,2021-05-26,5,88,959,38,6,19,99,1.9197080291970803
136680,19838,96199,86123,2021-04-12,5,51,1221,20,4,24,99,0.8124488124488124
136683,19841,96199,86123,2021-03-25,5,54,1238,49,2,22,99,2.3336025848142166
136688,19846,96199,86123,2021-02-19,5,71,1325,199,14,14,99,30.183396226415095
136691,19849,96199,86123,2021-02-14,5,16,928,3,22,20,99,0.9622844827586207
136692,19850,96199,86123,2021-02-11,5,95,1020,43,4,16,99,2.0794117647058825
136693,19851,96199,86123,2021-02-09,5,36,1236,100,14,16,99,8.45631067961165
136695,19853,96199,86123,2021-01-05,5,97,1277,97,6,13,99,7.52858261550509
136698,19856,96199,86123,2020-12-30,5,18,1061,5,16,27,99,0.9519321394910462
136703,19861,96199,86123,2020-12-02,5,40,1255,45,6,10,99,1.7219123505976095
136704,19862,96199,86123,2020-11-20,5,52,1108,54,6,6,99,2.696750902527076
136705,19863,96199,86123,2020-11-17,5,65,1244,192,14,13,99,29.926848874598072
136706,19864,96199,86123,2020-10-24,5,64,1312,193,12,12,99,28.610518292682926
136709,19867,96199,86123,2020-10-12,5,101,1393,147,6,18,99,15.770997846374732
136711,19869,96199,86123,2020-07-07,5,50,1169,71,4,9,99,4.395209580838324
136712,19870,96199,86123,2020-06-26,5,71,1040,137,10,9,99,18.221153846153847
136714,19872,96199,86123,2020-05-19,5,80,1631,140,8,21,99,12.326793378295525
136715,19873,96199,86123,2020-07-29,5,39,988,71,2,6,99,5.142712550607287
136716,19874,96199,86123,2020-07-26,5,76,1109,57,0,14,99,3.107303877366997
136717,19875,96199,86123,2020-05-03,5,57,858,115,2,5,99,15.447552447552448
136718,19876,96199,86123,2020-04-29,5,49,966,123,2,11,99,15.790890269151138
136719,19877,96199,86123,2020-07-20,5,70,1174,135,4,13,99,15.681431005110733
136722,19880,96199,86123,2020-07-14,5,85,1355,138,8,19,99,14.368265682656826
136723,19881,96199,86123,2020-04-30,5,66,1405,139,6,16,99,13.959430604982206
136724,19882,96199,86123,2020-07-12,5,81,1315,136,16,20,99,14.56425855513308
136725,19883,96199,86123,2020-03-17,5,74,1101,114,2,7,99,11.851952770208902
136726,19884,96199,86123,2020-04-24,5,73,1910,134,6,38,99,10.175916230366493
136727,19885,96199,86123,2020-05-07,5,63,1199,143,16,12,99,17.388657214345287
136728,19886,96199,86123,2020-03-08,5,41,1728,67,8,25,99,2.9965277777777777
136729,19887,96199,86123,2020-06-03,5,114,1486,144,6,13,99,14.092193808882907
136730,19888,96199,86123,2020-04-19,5,104,1665,93,2,24,99,5.542942942942943
136731,19889,96199,86123,2020-02-08,5,29,857,56,0,7,99,3.7176196032672113
136732,19890,96199,86123,2020-04-01,5,27,1166,70,2,23,99,4.659519725557462
136733,19891,96199,86123,2019-10-08,5,81,1871,141,0,13,99,10.716729021913416
136734,19892,96199,86123,2020-04-06,5,33,1072,67,6,14,99,4.4039179104477615
136735,19893,96199,86123,2020-04-16,5,55,1400,138,6,20,99,13.914285714285715
136736,19894,96199,86123,2020-04-15,5,56,1065,32,6,11,99,1.1089201877934272
136737,19895,96199,86123,2019-04-15,5,35,939,44,16,17,99,2.642172523961661
136738,19896,96199,86123,2020-01-08,5,41,906,31,0,12,99,1.2207505518763797
136739,19897,96199,86123,2019-09-18,5,83,1755,149,0,12,99,12.732763532763533
136740,19898,96199,86123,2019-05-30,5,138,1961,7,4,35,99,0.6578276389597144
136741,19899,96199,86123,2019-04-15,5,68,899,13,12,26,99,1.100111234705228
136759,19909,96199,86123,2021-05-02,5,85,419,38,4,5,99,3.544152744630072
136765,19912,96199,86123,2020-03-09,5,28,555,42,2,6,99,3.2504504504504506
136771,19915,96199,86123,2021-05-26,5,18,221,42,0,2,99,8.004524886877828
136781,19920,96199,86123,2021-01-29,5,20,457,31,6,9,99,2.358862144420131
136799,19929,96199,86123,2020-10-17,5,58,1168,94,14,14,99,7.9006849315068495
136815,19937,96199,86123,2020-01-11,5,39,1155,39,18,23,99,2.0554112554112556
136841,19950,96199,86123,2020-02-25,5,31,471,34,10,15,99,3.1443736730360934
136867,19963,96199,86123,2021-03-29,5,15,224,37,0,1,96,6.120535714285714
136931,19995,96199,86123,2020-02-26,5,66,954,33,2,13,99,1.3228511530398324
136935,19997,96199,86123,2020-01-18,5,56,1386,64,18,23,99,3.5707070707070705
136975,20017,96199,86123,2019-09-09,5,13,251,52,2,4,99,10.852589641434262
136999,20029,96199,86123,2020-09-08,5,31,555,40,6,8,99,3.063063063063063
137053,20056,96199,86123,2020-01-22,5,70,1155,52,8,17,99,2.6467532467532466
137141,20100,96199,86123,2020-05-22,5,53,1024,63,8,20,99,4.3291015625
137161,20110,96199,86123,2021-05-28,5,25,387,54,2,5,99,7.609819121447028
137681,20402,41292,21717,2021-05-15,5,30,598,29,0,0,99,1.4096989966555185
137685,20404,41292,21717,2019-12-21,5,24,720,29,0,0,99,1.1708333333333334
137691,20407,41292,21717,2021-05-15,5,30,598,29,0,0,99,1.4096989966555185
137695,20409,41292,21717,2019-12-21,5,24,720,29,0,0,99,1.1708333333333334
138001,20589,41292,21717,2020-01-19,5,14,367,79,0,0,99,17.010899182561307
139256,21632,106252,86123,2021-07-09,5,25,539,47,0,1,99,4.1020408163265305
139257,21633,106252,86123,2021-07-03,5,16,374,30,0,2,99,2.4197860962566846
139265,21641,106252,86123,2020-12-14,5,43,794,79,0,0,99,7.86272040302267
139266,21642,106252,86123,2020-11-29,5,49,938,174,0,1,99,32.279317697228144
139272,21648,106252,86123,2020-02-13,5,40,741,70,0,1,99,6.615384615384615
139273,21649,106252,86123,2021-05-18,5,20,359,29,0,4,99,2.3899721448467965
139276,21652,106252,86123,2021-05-15,5,14,334,36,0,1,94,3.8862275449101795
139277,21653,106252,86123,2020-11-24,5,33,617,60,0,2,99,5.842787682333873
139278,21654,106252,86123,2020-11-02,5,32,635,61,0,0,99,5.862992125984252
139280,21656,106252,86123,2020-11-05,5,37,720,144,0,0,99,28.802777777777777
139283,21659,106252,86123,2020-10-13,5,37,695,151,0,0,99,32.810071942446044
139284,21660,106252,86123,2020-11-05,5,30,576,56,0,1,99,5.447916666666667
139288,21664,106252,86123,2021-06-01,5,28,310,50,0,2,79,8.080645161290322
139292,21668,106252,86123,2020-02-10,5,29,551,59,0,3,99,6.335753176043557
139296,21672,106252,86123,2020-10-17,5,26,506,54,0,4,99,5.796442687747035
139298,21674,106252,86123,2020-11-20,5,25,468,41,0,1,99,3.5961538461538463
139299,21675,106252,86123,2021-01-12,5,24,418,38,0,1,99,3.45933014354067
139302,21678,106252,86123,2020-02-22,5,24,449,54,0,1,99,6.498886414253898
139371,21747,106252,86123,2020-07-07,5,25,616,29,0,1,99,1.3685064935064934
140197,22972,108252,86123,2021-06-26,5,24,920,21,12,19,99,1.0282608695652173
140198,22973,108252,86123,2021-06-10,5,158,958,43,6,24,99,2.568893528183716
140201,22976,108252,86123,2020-09-01,5,54,1197,36,2,19,99,1.3876357560568087
140202,22977,108252,86123,2020-08-21,5,54,944,85,6,14,99,7.899364406779661
140203,22978,108252,86123,2020-08-21,5,38,800,149,4,10,99,27.89625
140205,22980,108252,86123,2020-03-21,5,41,1312,55,2,20,99,2.613567073170732
140206,22981,108252,86123,2020-05-01,5,98,1536,89,0,6,99,5.180989583333333
140207,22982,108252,86123,2019-11-08,5,24,1118,54,0,18,99,2.8989266547406083
140222,22997,108252,86123,2021-03-21,5,51,340,37,4,7,99,4.2176470588235295
140240,23015,108252,86123,2020-04-23,5,29,652,94,2,6,99,13.613496932515337
140243,23018,108252,86123,2020-04-23,5,26,638,92,0,5,99,13.307210031347962
140268,23043,108252,86123,2019-10-07,5,58,952,52,6,14,99,3.0840336134453783
141324,24464,109393,86123,2021-06-29,5,32,1626,87,0,1,99,4.6562115621156215
141325,24465,109393,86123,2021-06-26,5,39,998,118,0,1,99,13.953907815631263
141326,24466,109393,86123,2021-06-22,5,55,992,96,0,0,99,9.29233870967742
141334,24474,109393,86123,2021-06-15,5,27,695,85,0,0,99,10.398561151079136
141339,24479,109393,86123,2021-05-24,5,62,1876,36,0,0,99,0.6918976545842217
141351,24491,109393,86123,2021-02-25,5,41,854,36,0,1,99,1.5199063231850116
141355,24495,109393,86123,2021-05-23,5,24,557,96,0,1,99,16.549371633752244
141357,24497,109393,86123,2021-02-11,5,58,1324,101,0,1,99,7.70619335347432
141360,24500,109393,86123,2021-02-08,5,68,1851,167,0,2,99,15.06969205834684
141375,24515,109393,86123,2021-06-05,5,16,320,89,0,1,99,24.759375
141377,24517,109393,86123,2021-05-11,5,21,423,37,0,0,98,3.2411347517730498
141379,24519,109393,86123,2021-03-20,5,32,571,39,0,0,5,2.6672504378283715
141385,24525,109393,86123,2021-03-02,5,41,763,49,0,2,99,3.1533420707732636
141391,24531,109393,86123,2021-05-28,5,43,784,66,0,1,99,5.558673469387755
141394,24534,109393,86123,2021-05-30,5,14,266,45,0,0,83,7.620300751879699
141422,24562,109393,86123,2021-05-24,5,18,662,42,0,0,99,2.6676737160120845
141456,24596,109393,86123,2021-05-15,5,24,679,31,0,1,99,1.4182621502209132
